Sample,Gene,Pct_Cells_Expressing,Mean_Expression,Mean_Expression_Positive_Cells,Max_Expression
CAR-T10191179,CD8A,16.2%,0.000,2.052,4.928
CAR-T10191179,CD8B,60.8%,0.000,0.640,1.926
CAR-T10191179,CD4,2.3%,-0.002,5.956,10.000
CAR-T10191179,GZMA,63.0%,0.000,0.598,1.801
CAR-T10191179,GZMB,2.5%,-0.000,5.722,10.000
CAR-T10191179,PRF1,55.7%,-0.000,0.762,2.901
CAR-T10191179,NKG7,51.1%,-0.000,0.800,2.884
CAR-T10191179,GNLY,11.2%,0.000,2.476,5.572
CAR-T10191179,HAVCR2,55.6%,-0.000,0.776,2.519
CAR-T10191179,LAG3,53.7%,-0.000,0.819,2.880
CAR-T10191179,TIGIT,57.4%,-0.000,0.727,2.746
CAR-T10191179,MKI67,21.8%,-0.000,1.694,4.667
CAR-T10191179,CCR7,24.6%,-0.000,1.603,4.049
CAR-T10191179,SELL,53.4%,-0.000,0.812,3.031
CAR-T10191179,IL7R,47.4%,-0.000,0.943,3.005
CAR-T10191179,TNF,0.5%,-0.022,8.526,10.000
CAR-T10191179,FOXP3,0.5%,-0.021,8.568,10.000
CAR-T10191179,TBX21,3.6%,-0.000,4.808,8.487
CAR-T10191179,GZMK,63.0%,-0.000,0.467,1.523
CAR-T10191179,FXYD2,59.9%,0.000,0.601,1.913
CAR-T10191179,HMOX1,53.1%,-0.000,0.832,2.531
CAR-T10191179,GPR183,54.4%,-0.000,0.818,3.252
CAR-T10191179,TOX,56.6%,-0.000,0.771,2.641
CAR-T10191180,CD8A,21.0%,0.000,1.859,3.406
CAR-T10191180,CD8B,22.9%,-0.000,1.765,3.086
CAR-T10191180,CD4,25.0%,0.000,1.670,3.754
CAR-T10191180,GZMA,24.5%,0.000,1.684,3.025
CAR-T10191180,GZMB,13.0%,-0.000,2.463,4.709
CAR-T10191180,PRF1,20.5%,-0.000,1.871,4.031
CAR-T10191180,NKG7,24.5%,0.000,1.688,2.601
CAR-T10191180,GNLY,8.9%,-0.000,3.018,5.477
CAR-T10191180,LAG3,8.9%,0.000,3.097,5.787
CAR-T10191180,TIGIT,6.2%,0.000,3.788,6.232
CAR-T10191180,MKI67,0.5%,-0.020,8.633,10.000
CAR-T10191180,CCR7,42.4%,-0.000,1.105,3.076
CAR-T10191180,SELL,61.2%,-0.000,0.676,1.827
CAR-T10191180,IL7R,59.0%,-0.000,0.709,2.086
CAR-T10191180,TNF,2.9%,-0.000,5.566,10.000
CAR-T10191180,FOXP3,5.1%,-0.000,4.101,8.502
CAR-T10191180,TBX21,10.1%,0.000,2.886,5.738
CAR-T10191180,GZMK,10.0%,-0.000,2.888,5.300
CAR-T10191180,FXYD2,1.9%,-0.001,6.909,10.000
CAR-T10191180,EOMES,3.2%,0.000,5.361,8.497
CAR-T10191180,TOX,8.3%,0.000,3.231,6.235
CAR-T10191181,CD8A,4.3%,0.000,4.565,8.729
CAR-T10191181,GZMA,23.1%,0.000,1.778,2.739
CAR-T10191181,GZMB,22.3%,0.000,1.813,3.112
CAR-T10191181,PRF1,23.4%,0.000,1.762,2.659
CAR-T10191181,NKG7,26.9%,-0.000,1.588,2.241
CAR-T10191181,GNLY,27.6%,-0.000,1.544,2.359
CAR-T10191181,LAG3,0.2%,-0.024,10.000,10.000
CAR-T10191181,TIGIT,4.2%,0.000,4.624,8.289
CAR-T10191181,MKI67,0.3%,-0.023,10.000,10.000
CAR-T10191181,CCR7,0.4%,-0.023,10.000,10.000
CAR-T10191181,SELL,30.6%,-0.000,1.404,3.701
CAR-T10191181,IL7R,1.3%,-0.005,7.924,10.000
CAR-T10191181,TBX21,13.0%,-0.000,2.514,4.247
CAR-T10191181,GZMK,2.1%,-0.000,6.585,10.000
CAR-T10191181,FXYD2,0.5%,-0.020,9.609,10.000
CAR-T9422250,CD8A,25.3%,-0.000,1.599,3.198
CAR-T9422250,CD8B,55.9%,-0.000,0.778,2.104
CAR-T9422250,CD4,11.8%,0.000,2.635,4.782
CAR-T9422250,GZMA,60.8%,-0.000,0.710,1.661
CAR-T9422250,GZMB,5.0%,-0.000,3.909,9.186
CAR-T9422250,PRF1,55.7%,0.000,0.778,2.318
CAR-T9422250,NKG7,54.2%,0.000,0.794,2.247
CAR-T9422250,GNLY,8.0%,-0.000,3.035,5.972
CAR-T9422250,HAVCR2,42.1%,0.000,1.069,2.957
CAR-T9422250,LAG3,47.2%,0.000,0.962,2.959
CAR-T9422250,TIGIT,56.8%,0.000,0.785,2.380
CAR-T9422250,MKI67,8.1%,0.000,3.021,8.147
CAR-T9422250,CCR7,42.1%,-0.000,1.043,3.066
CAR-T9422250,SELL,51.1%,0.000,0.868,2.139
CAR-T9422250,IL7R,51.4%,-0.000,0.837,2.170
CAR-T9422250,TNF,1.3%,-0.007,7.787,10.000
CAR-T9422250,FOXP3,1.7%,-0.006,6.672,10.000
CAR-T9422250,TBX21,12.8%,-0.000,2.449,5.464
CAR-T9422250,GZMK,70.5%,0.000,0.582,1.249
CAR-T9422250,FXYD2,60.9%,-0.000,0.734,1.777
CAR-T9422250,HMOX1,42.7%,-0.000,1.074,2.374
CAR-T9422250,GPR183,50.5%,-0.000,0.884,3.460
CAR-T9422250,EOMES,52.2%,0.000,0.861,2.698
CAR-T9422250,TOX,47.9%,-0.000,0.958,2.580
CAR-T9422251,CD8A,39.6%,-0.000,1.167,2.724
CAR-T9422251,CD8B,42.6%,-0.000,1.091,2.259
CAR-T9422251,CD4,27.5%,-0.000,1.550,3.690
CAR-T9422251,GZMA,22.7%,-0.000,1.742,3.286
CAR-T9422251,GZMB,12.0%,-0.000,2.551,4.930
CAR-T9422251,PRF1,27.0%,0.000,1.515,3.535
CAR-T9422251,NKG7,29.0%,-0.000,1.384,2.797
CAR-T9422251,GNLY,9.7%,-0.000,2.804,6.164
CAR-T9422251,LAG3,9.4%,0.000,3.002,6.331
CAR-T9422251,TIGIT,5.7%,0.000,3.849,8.401
CAR-T9422251,MKI67,0.4%,-0.022,9.860,10.000
CAR-T9422251,CCR7,59.5%,0.000,0.733,1.937
CAR-T9422251,SELL,62.0%,0.000,0.647,2.023
CAR-T9422251,IL7R,60.1%,-0.000,0.652,1.977
CAR-T9422251,FOXP3,2.1%,-0.002,6.285,10.000
CAR-T9422251,TBX21,12.8%,0.000,2.484,5.330
CAR-T9422251,GZMK,11.9%,0.000,2.575,4.389
CAR-T9422251,FXYD2,3.3%,-0.000,5.209,10.000
CAR-T9422251,GPR183,19.2%,0.000,1.961,4.659
CAR-T9422251,EOMES,8.8%,0.000,3.099,6.698
CAR-T9422251,TOX,7.7%,-0.000,3.285,9.596
